strain	length	A	C	G	T	N	other_IUPAC	-	?	invalid_nucleotides
NA|20VIR5077|turdus_merula|IT|2020-08-21	10305	2782	2360	2924	2239	0	0	0	0	0
NA|23VIR9300|turdus_merula|IT|2023-10-01	10305	2781	2363	2924	2237	0	0	0	0	0
NA|23pool2067_23RS1943-143|culex_pipiens|IT|2023-08-24	10305	2780	2362	2925	2238	0	0	0	0	0
NA|23pool1901_23RS1909-300|culex_pipiens|IT|2023-08-16	10305	2783	2362	2923	2237	0	0	0	0	0
NA|23VIR8708|columbidae_sp|IT|2023-09-01	10305	2784	2365	2919	2236	0	1	0	0	0
MW164662|13pool5744|culex_pipiens|IT|2013-08-13	10305	2784	2360	2922	2238	0	1	0	0	0
MW164683|14pool895|culex_pipiens|IT|2014-07-22	10305	2785	2359	2921	2237	0	3	0	0	0
MW164692|15pool1759|culex_pipiens|IT|2015-09-02	10305	2785	2360	2922	2238	0	0	0	0	0
MW164700|16pool1870|culex_pipiens|IT|2016-08-01	10305	2786	2357	2921	2241	0	0	0	0	0
MW164729|17VIR8655-3|larus_michahellis|IT|2017-09-18	10305	2785	2358	2922	2240	0	0	0	0	0
MW164748|18pool1442|culex_pipiens|IT|2018-07-31	10305	2785	2358	2922	2239	0	1	0	0	0
MW164727|17VIR7761-4|sturnus_vulgaris|IT|2017-09-01	10305	2783	2358	2923	2241	0	0	0	0	0
MW164728|17VIR7838-4|turdus_merula|IT|2017-08-30	10305	2782	2357	2925	2241	0	0	0	0	0
MW164722|17pool1671|culex_pipiens|IT|2017-08-16	10305	2786	2356	2920	2243	0	0	0	0	0
MW164709|17pool1191|culex_pipiens|IT|2017-07-17	10305	2787	2358	2921	2238	0	1	0	0	0
MW164761|18pool1662|culex_pipiens|IT|2018-08-14	10305	2787	2358	2921	2239	0	0	0	0	0
MW164686|15pool1335|culex_pipiens|IT|2015-08-03	10305	2785	2360	2923	2237	0	0	0	0	0
MW164703|16pool2117|culex_pipiens|IT|2016-08-16	10305	2780	2361	2925	2236	0	3	0	0	0
MW164734|18pool1141|culex_pipiens|IT|2018-07-17	10305	2782	2361	2924	2238	0	0	0	0	0
MW164712|17pool1309|culex_pipiens|IT|2017-07-24	10305	2783	2357	2923	2242	0	0	0	0	0
MW164759|18pool1649|culex_pipiens|IT|2018-08-14	10305	2782	2357	2924	2242	0	0	0	0	0
MW164766|18pool1965|culex_pipiens|IT|2018-09-06	10305	2782	2351	2923	2248	0	1	0	0	0
MW164715|17pool1525|culex_pipiens|IT|2017-08-07	10305	2784	2360	2921	2240	0	0	0	0	0
MW164747|18pool1430|culex_pipiens|IT|2018-07-31	10305	2783	2360	2922	2240	0	0	0	0	0
MW164760|18pool1660|culex_pipiens|IT|2018-08-14	10305	2787	2356	2920	2241	0	1	0	0	0
MW164687|15pool1419|culex_pipiens|IT|2015-08-05	10305	2789	2357	2917	2242	0	0	0	0	0
MW164691|15pool1751|culex_pipiens|IT|2015-09-02	10305	2785	2356	2921	2243	0	0	0	0	0
MW164694|15VIR4781-31|turdus_iliacus|IT|2015-09-15	10305	2787	2355	2920	2243	0	0	0	0	0
MW164743|18pool1267|culex_pipiens|IT|2018-07-19	10305	2787	2355	2920	2243	0	0	0	0	0
MW164742|18pool1264|culex_pipiens|IT|2018-07-19	10305	2778	2357	2928	2241	0	1	0	0	0
NA|20VIR4951|serinus_canaria|IT|2020-08-19	10305	2785	2359	2921	2240	0	0	0	0	0
MW164769|18pool948|culex_pipiens|IT|2018-07-06	10305	2785	2361	2921	2238	0	0	0	0	0
MW164757|18pool1614|culex_pipiens|IT|2018-08-09	10305	2782	2363	2922	2238	0	0	0	0	0
MW164770|18VIR7808-6|ciconia_ciconia|IT|2018-09-07	10305	2787	2353	2921	2244	0	0	0	0	0
MW164713|17pool1488|culex_pipiens|IT|2017-08-02	10305	2788	2361	2920	2236	0	0	0	0	0
MW164739|18pool1261|culex_pipiens|IT|2018-07-19	10305	2783	2354	2925	2242	0	1	0	0	0
MW164750|18pool1509|culex_pipiens|IT|2018-07-31	10305	2777	2350	2915	2222	0	41	0	0	0
MW164765|18pool1832|culex_pipiens|IT|2018-08-28	10305	2785	2362	2921	2237	0	0	0	0	0
NA|22VIR7086-3|turdus_merula|IT|2022-07-18	10305	2782	2360	2923	2240	0	0	0	0	0
NA|23pool1280_23RS1633-583|culex_pipiens|IT|2023-07-05	10305	2784	2357	2923	2241	0	0	0	0	0
NA|23VIR8795|turdus_merula|IT|2023-08-23	10305	2784	2358	2922	2241	0	0	0	0	0
NA|23pool2138_23RS2497-1|culex_pipiens|IT|2023-11-13	10305	2782	2355	2923	2245	0	0	0	0	0
NA|20VIR4811|serinus_canaria|IT|2020-08-10	10305	2791	2350	2918	2246	0	0	0	0	0
MW164753|18pool1523|culex_pipiens|IT|2018-08-02	10305	2785	2345	2918	2241	0	16	0	0	0
MW164636|11pool1941|culex_pipiens|IT|2011-08-16	10305	2787	2363	2918	2237	0	0	0	0	0
MW164670|13pool6472|culex_pipiens|IT|2013-09-05	10305	2786	2363	2918	2238	0	0	0	0	0
MW164678|14pool1494|culex_pipiens|IT|2014-09-02	10305	2787	2362	2917	2239	0	0	0	0	0
MW164640|11pool2444|culex_pipiens|IT|2011-09-21	10305	2789	2359	2917	2239	0	1	0	0	0
MW164654|12VIR6777-9|turdus_pilaris|IT|2012-09-05	10305	2789	2362	2917	2237	0	0	0	0	0
MW164652|12pool2628|culex_pipiens|IT|2012-09-05	10305	2789	2357	2917	2242	0	0	0	0	0
MW164663|13pool5778|culex_pipiens|IT|2013-08-13	10305	2785	2362	2918	2239	0	1	0	0	0
MW164668|13pool6465|culex_pipiens|IT|2013-09-05	10305	2782	2362	2919	2241	0	1	0	0	0
MW164676|14pool1478|culex_pipiens|IT|2014-09-02	10305	2786	2366	2920	2232	0	1	0	0	0
MW164671|14pool1366|culex_pipiens|IT|2014-08-20	10305	2787	2360	2917	2241	0	0	0	0	0
MW164682|14pool857|culex_pipiens|IT|2014-07-22	10305	2787	2362	2915	2239	0	2	0	0	0
MW164684|14VIR5467-8|NA|IT|2014-09-02	10305	2789	2358	2915	2243	0	0	0	0	0
MW164711|17pool1252|culex_pipiens|IT|2017-07-19	10305	2791	2361	2916	2235	0	2	0	0	0
MW164744|18pool1347|culex_pipiens|IT|2018-07-24	10305	2791	2363	2917	2233	0	1	0	0	0
MW164736|18pool1219|culex_pipiens|IT|2018-07-17	10305	2791	2361	2917	2236	0	0	0	0	0
MW164707|16pool2571|culex_pipiens|IT|2016-09-14	10305	2788	2358	2920	2238	0	1	0	0	0
MW164719|17pool1647|culex_pipiens|IT|2017-08-16	10305	2786	2355	2921	2240	0	3	0	0	0
MW164764|18pool1795|culex_pipiens|IT|2018-08-23	10305	2786	2353	2921	2245	0	0	0	0	0
MW164758|18pool1617|culex_pipiens|IT|2018-08-09	10305	2787	2354	2921	2243	0	0	0	0	0
MW164745|18pool1398|culex_pipiens|IT|2018-07-26	10305	2785	2353	2923	2242	0	2	0	0	0
MW164708|17pool103G|culex_pipiens|IT|2017-08-30	10305	2790	2356	2916	2243	0	0	0	0	0
MW164771|18VIR7859-4|turdus_merula|IT|2018-09-07	10305	2787	2358	2920	2240	0	0	0	0	0
MW164714|17pool1493|culex_pipiens|IT|2017-08-02	10305	2787	2362	2919	2237	0	0	0	0	0
MW164688|15pool1426|culex_pipiens|IT|2015-08-06	10305	2788	2361	2919	2237	0	0	0	0	0
MW164741|18pool1263|culex_pipiens|IT|2018-07-19	10305	2788	2357	2919	2241	0	0	0	0	0
MW164724|17pool1709|culex_pipiens|IT|2017-08-17	10305	2781	2343	2914	2228	0	39	0	0	0
KU573070|216606/2013|culex_pipiens|IT|2013	10305	2786	2358	2919	2242	0	0	0	0	0
KX816647|208576-8/2011|culex_pipiens|IT|2011-08	10305	2785	2359	2917	2237	0	7	0	0	0
MW164660|13pool5678|culex_pipiens|IT|2013-08-08	10305	2784	2352	2921	2245	0	3	0	0	0
MW164664|13pool5827|culex_pipiens|IT|2013-08-13	10305	2782	2355	2922	2245	0	1	0	0	0
KX816651|211204-8/2012|culex_pipiens|IT|2012-08	10305	2786	2358	2919	2242	0	0	0	0	0
KX816650|211984-4/2012|culex_pipiens|IT|2012-08	10305	2784	2358	2921	2242	0	0	0	0	0
KU573075|201602-24/2014|culex_pipiens|IT|2014	10305	2782	2358	2923	2242	0	0	0	0	0
KX816652|211204-7/2012|culex_pipiens|IT|2012-08	10305	2785	2362	2920	2238	0	0	0	0	0
ON032479|ITA2010_12543|turdus_merula|IT|2010	10305	2785	2360	2920	2240	0	0	0	0	0
KX555625|NA|turdus_merula|IT|2010	10305	2787	2358	2918	2242	0	0	0	0	0
HM569263|NA|homo_sapiens|IT|2009-09-24	10305	2786	2362	2918	2239	0	0	0	0	0
MF991886|BD1/17-AT|homo_sapiens|AT|2017-07-24	10305	2785	2357	2918	2245	0	0	0	0	0
KX555627|NA|turdus_merula|IT|2010	10305	2788	2356	2919	2242	0	0	0	0	0
KX555628|NA|turdus_merula|IT|2010	10305	2786	2355	2920	2244	0	0	0	0	0
KU573072|221034-3/2013|culex_pipiens|IT|2013	10305	2795	2361	2910	2238	0	1	0	0	0
ON032477|ITA2018_17495|turdus_merula|IT|2018-08-17	10305	2786	2358	2918	2243	0	0	0	0	0
OP734256|NA|culex_pipiens|IT|2022-07-29	10305	2786	2355	2920	2244	0	0	0	0	0
MF063042|AT-N211/16|turdus_merula|AT|2016-09-29	10305	2787	2359	2918	2241	0	0	0	0	0
MF063043|HU-47540/16|turdus_merula|HU|2016-09-26	10305	2785	2353	2920	2247	0	0	0	0	0
MW164637|11pool1989|culex_pipiens|IT|2011-08-23	10305	2787	2359	2917	2238	0	4	0	0	0
MW164638|11pool2109|culex_pipiens|IT|2011-08-24	10305	2784	2361	2920	2240	0	0	0	0	0
MW164644|12pool2194|culex_pipiens|IT|2012-08-09	10305	2786	2363	2919	2237	0	0	0	0	0
MW164665|13pool5873|culex_pipiens|IT|2013-08-13	10305	2786	2362	2919	2238	0	0	0	0	0
MW164656|12VIR6787-11|alauda_arvensis|IT|2012-09-03	10305	2785	2360	2920	2240	0	0	0	0	0
MW164657|12VIR6787-9|alauda_arvensis|IT|2012-09-03	10305	2787	2358	2918	2242	0	0	0	0	0
MW164646|12pool2249|culex_pipiens|IT|2012-08-07	10305	2788	2360	2919	2238	0	0	0	0	0
MW164659|13pool5600|culex_pipiens|IT|2013-08-07	10305	2787	2356	2919	2241	0	2	0	0	0
MW164649|12pool2412|culex_pipiens|IT|2012-08-22	10305	2786	2362	2920	2237	0	0	0	0	0
MW164674|14pool1419|culex_pipiens|IT|2014-08-26	10305	2786	2360	2918	2241	0	0	0	0	0
MW164698|16pool1777|culex_pipiens|IT|2016-07-25	10305	2788	2360	2916	2241	0	0	0	0	0
MW164696|15VIR4781-43|turdus_merula|IT|2015-09-15	10305	2783	2358	2921	2243	0	0	0	0	0
MW164705|16pool2336|culex_pipiens|IT|2016-08-29	10305	2781	2362	2922	2239	0	1	0	0	0
MW164689|15pool1503|culex_pipiens|IT|2015-08-10	10305	2785	2359	2920	2241	0	0	0	0	0
MW164702|16pool2106|culex_pipiens|IT|2016-08-16	10305	2786	2354	2919	2246	0	0	0	0	0
MW164647|12pool2262|culex_pipiens|IT|2012-08-07	10305	2786	2359	2919	2235	0	6	0	0	0
MW164677|14pool1489|culex_pipiens|IT|2014-09-02	10305	2787	2363	2920	2235	0	0	0	0	0
MW164651|12pool2626|culex_pipiens|IT|2012-09-05	10305	2786	2358	2921	2240	0	0	0	0	0
MW164666|13pool5999|culex_pipiens|IT|2013-08-21	10305	2784	2356	2923	2240	0	2	0	0	0
JF266698|NA|turdus_merula|IT|2009	10305	2786	2361	2920	2238	0	0	0	0	0
JQ219843|NA|cyanistes_caeruleus|AT|2002-08-29	10305	2796	2360	2910	2238	0	1	0	0	0
EF206350|Budapest|turdus_merula|HU|2005	10305	2790	2359	2916	2240	0	0	0	0	0
AY453411|NA|NA|AT|2001	10305	2793	2364	2912	2236	0	0	0	0	0
MW164721|17pool1664|culex_pipiens|IT|2017-08-16	10305	2783	2352	2920	2248	0	2	0	0	0
MT784898|NA|turdus_iliacus|IT|2017	10305	2786	2352	2923	2244	0	0	0	0	0
PP104383|TE2518012|culex_pipiens|IT|2023-08-02	10305	2781	2349	2924	2251	0	0	0	0	0
OP734260|NA|culex_pipiens|IT|2022-07-08	10305	2783	2352	2923	2247	0	0	0	0	0
ON032482|ITA2021_304421|larus_michahellis|IT|2021-09-08	10305	2782	2354	2923	2246	0	0	0	0	0
OR757492|17404213|culex_pipiens|IT|2023-07-24	10305	2784	2357	2923	2241	0	0	0	0	0
OR757494|17404220|turdus_merula|IT|2023-07-24	10305	2780	2355	2926	2242	2	0	0	0	0
MT784899|NA|turdus_merula|IT|2017	10305	2790	2354	2913	2245	0	3	0	0	0
PP104387|TE2518512|sturnus_vulgaris|IT|2023-09-13	10305	2786	2357	2920	2242	0	0	0	0	0
PP104388|TE2518612|turdus_merula|IT|2023-09-22	10305	2787	2357	2919	2242	0	0	0	0	0
NA|23VIR9292|turdus_merula|IT|2023-10-01	10305	2788	2357	2918	2242	0	0	0	0	0
OR921102|2023TE1908911|culex_pipiens|IT|2023-09-15	10305	2792	2358	2916	2239	0	0	0	0	0
ON032483|ITA2021_301597|turdus_merula|IT|2021-08-19	10305	2785	2352	2911	2242	15	0	0	0	0
ON032485|ITA2021_302331|turdus_merula|IT|2021	10305	2788	2353	2920	2244	0	0	0	0	0
ON032474|ITA2020_115108|culex_pipiens|IT|2020	10305	2786	2353	2921	2245	0	0	0	0	0
MW164738|18pool1258|culex_pipiens|IT|2018-07-19	10305	2786	2355	2920	2244	0	0	0	0	0
ON032476|ITA2020_155885|turdus_merula|IT|2020	10305	2786	2351	2920	2247	0	1	0	0	0
ON032486|ITA2021_310782|turdus_merula|IT|2021	10305	2789	2350	2918	2248	0	0	0	0	0
ON032484|ITA2021_305812|columba_palumbus|IT|2021-09-10	10305	2779	2346	2912	2242	26	0	0	0	0
OR921103|2023TE1683411|culex_pipiens|IT|2023-08-11	10305	2765	2337	2896	2219	88	0	0	0	0
OP734254|NA|NA|IT|2022-08-08	10305	2790	2349	2917	2249	0	0	0	0	0
OR757493|17404216|culex_pipiens|IT|2023-07-15	10305	2786	2348	2920	2251	0	0	0	0	0
OP734246|NA|culex_pipiens|IT|2022-07-29	10305	2786	2353	2922	2244	0	0	0	0	0
OR757497|1740425|culex_pipiens|IT|2023-07-16	10305	2781	2351	2925	2247	1	0	0	0	0
OP734251|NA|culex_pipiens|IT|2022-08-01	10305	2780	2349	2909	2239	28	0	0	0	0
NA|22VIR8404-2|turdus_merula|IT|2022-09-01	10305	2787	2350	2919	2249	0	0	0	0	0
MN989418|Usutu/Goose/Italy/17917/2018|anatidae__duck_sp_|IT|2018-08-20	10305	2789	2357	2917	2242	0	0	0	0	0
NA|USUV-GR1439/2024|homo_sapiens|EL|2024-09-16	10305	2787	2351	2918	2249	0	0	0	0	0
OP734252|NA|culex_pipiens|IT|2022-08-01	10305	2766	2333	2902	2235	69	0	0	0	0
NA|AS201700147|branta_ruficollis|NL|2017-08-14	10305	2797	2361	2909	2238	0	0	0	0	0
NA|AS20190530|turdus_merula|NL|2019-08-19	10305	2794	2362	2912	2237	0	0	0	0	0
MN122166|AS201600133|turdus_merula|NL|2016-09-23	10305	2796	2361	2911	2237	0	0	0	0	0
MN122190|AS201700080|turdus_merula|NL|2017-07-05	10305	2793	2362	2913	2237	0	0	0	0	0
MK796168|AS201600070|strix_nebulosa|NL|2016-09-13	10305	2793	2361	2912	2239	0	0	0	0	0
MN122213|AS201700248|turdus_merula|NL|2017-09-20	10305	2796	2360	2910	2239	0	0	0	0	0
KY315178|Gracula_religiosa/U1609393/Belgium/2016|gracula_religiosa|BE|2016-10-03	10305	2794	2362	2912	2237	0	0	0	0	0
NA|AS20221798|turdus_merula|NL|2022-08-30	10305	2793	2356	2912	2244	0	0	0	0	0
MT133690|UV/BlackBird/Sweden/SVA190801SZ0368/VLT001567/2019|turdus_merula|SE|2019-08-01	10305	2792	2360	2913	2240	0	0	0	0	0
KX977447|NA|turdus_merula|BE|2016-09	10305	2773	2348	2898	2223	1	0	62	0	0
MN122152|AS201600060|turdus_merula|NL|2016-09-12	10305	2794	2362	2913	2236	0	0	0	0	0
MN122196|AS201700103|turdus_merula|NL|2017-07-19	10305	2796	2365	2911	2233	0	0	0	0	0
MN122203|AS201700127|turdus_merula|NL|2017-07-30	10305	2795	2359	2912	2239	0	0	0	0	0
MN122158|AS201600104|turdus_merula|NL|2016-09-22	10305	2798	2361	2910	2236	0	0	0	0	0
MN122235|AS201800112|turdus_merula|NL|2018-08-14	10305	2799	2360	2909	2237	0	0	0	0	0
MN122177|AS201600253|turdus_merula|NL|2016-09-27	10305	2794	2357	2914	2240	0	0	0	0	0
MN122174|AS201600241|turdus_merula|NL|2016-09-27	10305	2796	2360	2911	2238	0	0	0	0	0
MN122188|AS201700024|turdus_merula|NL|2017-04-11	10305	2794	2360	2911	2240	0	0	0	0	0
MN122189|AS201700077|turdus_merula|NL|2017-07-03	10305	2794	2366	2912	2233	0	0	0	0	0
MN122192|AS201700086|turdus_merula|NL|2017-07-11	10305	2793	2361	2913	2238	0	0	0	0	0
MN122198|AS201700109|turdus_merula|NL|2017-07-25	10305	2796	2359	2911	2239	0	0	0	0	0
NA|20TV2299|turdus_merula|NL|2020-08-29	10305	2796	2359	2911	2239	0	0	0	0	0
MN122215|AS201800038|turdus_merula|NL|2017-09-11	10305	2793	2366	2912	2234	0	0	0	0	0
KJ438764|NA|turdus_merula|DE|2012-07-17	10305	2796	2360	2913	2236	0	0	0	0	0
KY426753|NA|turdus_merula|DE|2015-08-18	10305	2796	2361	2912	2236	0	0	0	0	0
OP555958|NA|turdus_merula|BE|2017-08-07	10305	2797	2361	2911	2236	0	0	0	0	0
KY426755|NA|turdus_merula|DE|2016-09-19	10305	2793	2362	2914	2236	0	0	0	0	0
OP555957|NA|turdus_merula|BE|2017-07-24	10305	2794	2357	2913	2240	0	1	0	0	0
KY426756|NA|turdus_merula|DE|2016-09-23	10305	2796	2362	2910	2237	0	0	0	0	0
KY426759|NA|turdus_merula|DE|2016-09-12	10305	2795	2363	2913	2234	0	0	0	0	0
KJ438759|NA|turdus_merula|DE|2011-09-28	10305	2793	2359	2914	2239	0	0	0	0	0
KJ438705|NA|culex_pipiens|DE|2010-07-14	10305	2797	2362	2912	2234	0	0	0	0	0
KJ859683|BAT2USUTU-BNI|pipistrellus_pipistrellus|DE|2013-10-05	10305	2795	2363	2912	2235	0	0	0	0	0
KJ438735|NA|turdus_merula|DE|2012-07-24	10305	2794	2361	2913	2237	0	0	0	0	0
KJ438730|NA|turdus_merula|DE|2011-09-14	10305	2795	2361	2913	2236	0	0	0	0	0
KJ438737|NA|culex_sp|DE|2011-08-21	10305	2796	2365	2912	2232	0	0	0	0	0
KJ438729|NA|turdus_merula|DE|2012-07-18	10305	2791	2365	2916	2233	0	0	0	0	0
KJ438738|NA|turdus_merula|DE|2011-09-16	10305	2794	2360	2913	2238	0	0	0	0	0
KJ438739|NA|turdus_merula|DE|2013-09-10	10305	2795	2361	2913	2236	0	0	0	0	0
KJ438741|NA|turdus_merula|DE|2013-08-26	10305	2797	2365	2910	2233	0	0	0	0	0
KJ859682|BAT1USUTU-BNI|pipistrellus_pipistrellus|DE|2013-09-21	10305	2792	2363	2912	2238	0	0	0	0	0
KJ438742|NA|turdus_merula|DE|2013-09-23	10305	2795	2362	2912	2236	0	0	0	0	0
KJ438744|NA|turdus_merula|DE|2012-06-23	10305	2793	2364	2914	2234	0	0	0	0	0
KJ438745|NA|turdus_merula|DE|2011-09-16	10305	2795	2359	2912	2239	0	0	0	0	0
KJ438746|NA|turdus_merula|DE|2011-09-27	10305	2795	2360	2912	2238	0	0	0	0	0
KJ438747|NA|turdus_merula|DE|2012-07-17	10305	2794	2359	2912	2240	0	0	0	0	0
KJ438748|NA|turdus_merula|DE|2012-07-23	10305	2795	2362	2912	2236	0	0	0	0	0
KJ438749|NA|turdus_merula|DE|2012-07-18	10305	2793	2362	2914	2236	0	0	0	0	0
KJ438750|NA|turdus_merula|DE|2011-09-14	10305	2795	2362	2913	2235	0	0	0	0	0
KJ438751|NA|turdus_merula|DE|2011-09-15	10305	2793	2359	2913	2240	0	0	0	0	0
KJ438752|NA|turdus_merula|DE|2011-09-15	10305	2796	2360	2913	2236	0	0	0	0	0
KJ438753|NA|turdus_merula|DE|2011-09-16	10305	2798	2361	2911	2235	0	0	0	0	0
KJ438754|NA|turdus_merula|DE|2012-09-18	10305	2792	2364	2915	2234	0	0	0	0	0
KJ438755|NA|turdidae_sp|DE|2011-09-15	10305	2796	2361	2912	2236	0	0	0	0	0
KJ438756|NA|turdus_merula|DE|2011-09-26	10305	2796	2362	2911	2236	0	0	0	0	0
KJ438757|NA|turdus_merula|DE|2013-08-26	10305	2794	2362	2912	2237	0	0	0	0	0
KJ438758|NA|turdus_merula|DE|2013-08-13	10305	2796	2361	2912	2236	0	0	0	0	0
KJ438761|NA|turdus_merula|DE|2011-09-15	10305	2794	2360	2912	2239	0	0	0	0	0
KJ438762|NA|turdus_merula|DE|2011-09-18	10305	2795	2361	2910	2239	0	0	0	0	0
KJ438763|NA|turdus_merula|DE|2012-07-17	10305	2797	2359	2911	2238	0	0	0	0	0
KJ438760|NA|turdus_merula|DE|2011-09-16	10305	2798	2364	2909	2234	0	0	0	0	0
MK230890|Villers/2017|turdus_merula|BE|2017-08	10305	2798	2357	2910	2240	0	0	0	0	0
MN122170|AS201600197|turdus_merula|NL|2016-10-11	10305	2794	2361	2912	2238	0	0	0	0	0
KY426766|NA|turdus_merula|DE|2016-10-11	10305	2794	2363	2913	2235	0	0	0	0	0
KY263624|NA|turdus_merula|BE|2016-10	10305	2797	2360	2908	2240	0	0	0	0	0
KY426770|NA|turdus_merula|DE|2016-09-20	10305	2793	2359	2912	2241	0	0	0	0	0
KY426769|NA|turdus_merula|DE|2016-09-20	10305	2796	2359	2910	2240	0	0	0	0	0
KY199558|NA|turdus_merula|DE|2016	10305	2797	2364	2909	2235	0	0	0	0	0
KJ438769|NA|turdus_merula|DE|2011-09-15	10305	2794	2362	2911	2238	0	0	0	0	0
KJ438770|NA|turdus_merula|DE|2011-09-15	10305	2791	2361	2914	2239	0	0	0	0	0
KJ438771|NA|turdus_merula|DE|2013-05-05	10305	2793	2363	2912	2237	0	0	0	0	0
KJ438773|NA|turdus_merula|DE|2011-09-29	10305	2794	2362	2911	2238	0	0	0	0	0
KJ438774|NA|turdus_merula|DE|2012-09-04	10305	2793	2367	2912	2233	0	0	0	0	0
KJ438775|NA|turdus_merula|DE|2011-09-16	10305	2793	2365	2914	2233	0	0	0	0	0
KJ438776|NA|turdus_merula|DE|2011-09-14	10305	2795	2363	2913	2234	0	0	0	0	0
KJ438777|NA|turdus_merula|DE|2011-09-14	10305	2793	2359	2913	2240	0	0	0	0	0
KJ438778|NA|turdus_merula|DE|2011-09-19	10305	2793	2362	2913	2237	0	0	0	0	0
KJ438768|NA|culex_sp|DE|2013-08-22	10305	2797	2365	2908	2235	0	0	0	0	0
KJ438767|NA|culex_sp|DE|2011-09-08	10305	2791	2365	2913	2236	0	0	0	0	0
KJ438779|NA|turdus_merula|DE|2012-07-12	10305	2795	2362	2911	2237	0	0	0	0	0
KY426751|NA|turdus_pilaris|DE|2015-09-01	10305	2792	2367	2913	2233	0	0	0	0	0
KY426762|NA|turdus_merula|DE|2016-09-26	10305	2793	2358	2913	2241	0	0	0	0	0
KY426760|NA|turdus_merula|DE|2016-09-29	10305	2793	2355	2912	2245	0	0	0	0	0
KJ438780|NA|turdus_merula|DE|2011-09-14	10305	2793	2364	2911	2237	0	0	0	0	0
KJ438781|NA|turdus_merula|DE|2011-09-26	10305	2791	2369	2915	2230	0	0	0	0	0
KJ438766|NA|turdus_merula|DE|2012-09-19	10305	2797	2364	2911	2233	0	0	0	0	0
MK230892|Richelle/2017|turdus_merula|BE|2017-08	10305	2793	2362	2914	2236	0	0	0	0	0
KJ438765|NA|turdus_merula|DE|2011-09-15	10305	2797	2357	2910	2241	0	0	0	0	0
MN122181|AS201600277|turdus_merula|NL|2016-09-27	10305	2796	2360	2913	2236	0	0	0	0	0
MN122179|AS201600268|turdus_merula|NL|2016-09-30	10305	2797	2360	2912	2236	0	0	0	0	0
KX601691|USUV-HautRhin7316/France/2015|turdus_merula|FR|2015-08-05	10305	2796	2365	2912	2232	0	0	0	0	0
KX601690|USUV-HautRhin7315/France/2015|turdus_merula|FR|2015-08-10	10305	2795	2360	2914	2236	0	0	0	0	0
OP555956|NA|strix_nebulosa|BE|2017-07-10	10305	2792	2354	2913	2246	0	0	0	0	0
NA|17TV1446|turdus_merula|NL|2017-09-07	10305	2800	2354	2908	2243	0	0	0	0	0
KY426767|NA|turdus_merula|DE|2016-10-14	10305	2795	2363	2913	2234	0	0	0	0	0
KY128481|Snebulosa-7890/Fra/2016|strix_nebulosa|FR|2016-09-22	10305	2790	2354	2910	2245	3	3	0	0	0
MT580899|NA|strix_nebulosa|DE|2018	10305	2792	2360	2916	2237	0	0	0	0	0
KX816653|206795-3/2012|culex_pipiens|IT|2012-09	10305	2791	2355	2916	2243	0	0	0	0	0
KU573073|229615-1/2013|culex_pipiens|IT|2013	10305	2795	2355	2915	2240	0	0	0	0	0
KX555629|NA|turdus_merula|IT|2015	10305	2797	2356	2908	2244	0	0	0	0	0
MG888044|NA|culex_pipiens|RS|2014-08	10305	2789	2356	2918	2242	0	0	0	0	0
OR921100|2023TE1837011|culex_pipiens|IT|2023-09-08	10305	2740	2341	2890	2212	120	2	0	0	0
MG461306|USUV_269m_Israel15_USUTU_|culex_perexiguus|IL|2015-06-30	10305	2784	2352	2924	2245	0	0	0	0	0
MG461307|USUV_569m_Israel15_USUTU_|culex_pipiens|IL|2015-09-08	10305	2784	2354	2925	2242	0	0	0	0	0
MG461308|USUV_593m_Israel15_USUTU_|aedes_albopictus|IL|2015-09-21	10305	2786	2349	2923	2247	0	0	0	0	0
MG461313|USUV_550m_Israel15_USUTU_|culex_perexiguus|IL|2015-09-08	10305	2785	2350	2924	2246	0	0	0	0	0
KC754957|ArD192495|culex_neavei|SN|2007	10305	2779	2358	2929	2239	0	0	0	0	0
MN813491|UG09615|culex_univittatus|UG|2012	10305	2786	2370	2921	2228	0	0	0	0	0
MG461309|USUV_100m_Israel04_USUTU_|culex_pipiens|IL|2004-07-14	10305	2787	2364	2919	2235	0	0	0	0	0
MG461310|USUV_269m_Israel04_USUTU_|culex_perexiguus|IL|2004-08-24	10305	2781	2365	2923	2236	0	0	0	0	0
MG461312|USUV_355m_Israel04_USUTU_|culex_perexiguus|IL|2004-09-27	10305	2782	2363	2924	2236	0	0	0	0	0
KC754955|HB81P08|homo_sapiens|CF|1981	10305	2784	2371	2923	2227	0	0	0	0	0
KC754956|ArD101291|culex_univittatus|SN|1993	10305	2778	2377	2925	2225	0	0	0	0	0
ON813227|SN2005_ArD_171185|culex_neavei|SN|2005	10305	2800	2351	2905	2235	7	7	0	0	0
MN813492|SARR1776|culex_neavei|ZA|1959	10305	2798	2357	2913	2237	0	0	0	0	0
MH727238|ROD_259466|mastomys_natalensis|SN|2013-10-23	10305	2797	2353	2914	2241	0	0	0	0	0
MH727239|ROD_259496|mastomys_natalensis|SN|2013-10-23	10305	2801	2354	2911	2239	0	0	0	0	0
MH727240|CROC_259520|soricidae_sp|SN|2013-10-23	10305	2798	2353	2913	2241	0	0	0	0	0
MH727241|ROD_259524|mastomys_natalensis|SN|2013-10-24	10305	2799	2355	2913	2238	0	0	0	0	0
MH727242|ROD_259552|rattus_rattus|SN|2013-10-24	10305	2799	2353	2913	2240	0	0	0	0	0
MN813488|DakPM173701|culex_neavei|SN|2003	10305	2793	2343	2917	2251	0	1	0	0	0
KC754954|ArD19848|culex_perfuscus|SN|1974	10305	2795	2343	2916	2251	0	0	0	0	0
KX268472|HU10279_09|culex_perexiguus|ES|2009	10305	2800	2339	2909	2257	0	0	0	0	0
MN813489|HU10279-09|culex_perexiguus|ES|2009	10305	2796	2339	2911	2259	0	0	0	0	0
KY426758|NA|turdus_merula|DE|2016-09-25	10305	2799	2342	2912	2252	0	0	0	0	0
KU664608|Usutu_Berlin|strix_nebulosa|DE|2015-08-21	10305	2797	2345	2913	2250	0	0	0	0	0
KY199556|NA|strix_nebulosa|DE|2016	10305	2801	2339	2908	2257	0	0	0	0	0
KF573410|NA|culex_pipiens|ES|2006-08-22	10305	2799	2342	2912	2252	0	0	0	0	0
KX601692|USUV-Rhone2705/France/2015|turdus_merula|FR|2015-09-23	10305	2800	2337	2912	2256	0	0	0	0	0
MN122229|AS201800097|turdus_merula|NL|2018-08-03	10305	2757	2346	2888	2212	102	0	0	0	0
PQ677887|Ar2|alectoris_rufa|PT|2023-11-05	10305	2772	2352	2932	2249	0	0	0	0	0
PP482815|AeDet2-batch3_Nansouty_2023-08-18|culex_sp|FR|2023-08-18	10305	2784	2345	2923	2253	0	0	0	0	0
KY294723|S-1238|turdus_merula|DE|2016	10305	2774	2353	2930	2248	0	0	0	0	0
KY294722|S-1232|turdus_merula|DE|2016	10305	2776	2353	2929	2247	0	0	0	0	0
KY199557|NA|turdus_merula|DE|2016	10305	2779	2352	2925	2249	0	0	0	0	0
MN122238|AS201800115|turdus_merula|NL|2018-08-15	10305	2773	2352	2931	2249	0	0	0	0	0
MT863562|HauteVienne4997/France/2018|turdus_merula|FR|2018-07-24	10305	2783	2349	2922	2251	0	0	0	0	0
MK419834|USU-BE-Scoter/2018|melanitta_nigra|BE|2018-08	10305	2777	2342	2928	2258	0	0	0	0	0
PQ041659|USUV_TM_Netherlands_2016|NA|NL|2020	10305	2770	2343	2935	2257	0	0	0	0	0
NA|AS201800175|turdus_merula|NL|2018-08-22	10305	2772	2345	2931	2257	0	0	0	0	0
NA|16TV1045|turdus_merula|NL|2017-08-02	10305	2772	2349	2931	2253	0	0	0	0	0
NA|AS20190490|turdus_merula|NL|2019-08-27	10305	2767	2341	2933	2264	0	0	0	0	0
NA|AS20190438|gracula_religiosa|NL|2019-09-12	10305	2771	2343	2933	2258	0	0	0	0	0
NA|18TV0475|turdus_merula|NL|2018-08-18	10305	2770	2342	2933	2260	0	0	0	0	0
NA|AS201700148|strix_nebulosa|NL|2017-07-31	10305	2771	2346	2934	2254	0	0	0	0	0
MT795154|NA|turdus_merula|DE|2016-09-30	10305	2769	2345	2934	2257	0	0	0	0	0
KM659877|NA|turdus_merula|DE|2014-09-11	10305	2772	2347	2933	2253	0	0	0	0	0
KY426761|NA|turdus_merula|DE|2016-09-04	10305	2772	2346	2933	2254	0	0	0	0	0
MN122182|AS201600280|turdus_merula|NL|2016-09-26	10305	2775	2343	2930	2257	0	0	0	0	0
MN122231|AS201800100|turdus_merula|NL|2018-08-07	10305	2777	2344	2930	2254	0	0	0	0	0
MN122232|AS201800101|turdus_merula|NL|2018-08-07	10305	2778	2345	2929	2253	0	0	0	0	0
MN122156|AS201600098|turdus_merula|NL|2016-09-21	10305	2769	2345	2934	2257	0	0	0	0	0
MN122236|AS201800113|turdus_merula|NL|2018-08-14	10305	2769	2346	2934	2256	0	0	0	0	0
MN122175|AS201600244|turdus_merula|NL|2016-09-27	10305	2769	2345	2934	2257	0	0	0	0	0
MN122249|AS201800129|turdus_merula|NL|2018-08-23	10305	2769	2343	2933	2260	0	0	0	0	0
MN122230|AS201800099|turdus_merula|NL|2018-08-07	10305	2770	2342	2935	2258	0	0	0	0	0
MN122224|AS201800091|turdus_merula|NL|2018-08-02	10305	2768	2343	2935	2259	0	0	0	0	0
MN122227|AS201800094|turdus_merula|NL|2018-08-03	10305	2772	2345	2931	2257	0	0	0	0	0
MN122254|AS201800155|turdus_merula|NL|2018-08-31	10305	2770	2339	2933	2263	0	0	0	0	0
MN122186|AS201600286|turdus_merula|NL|2016-09-28	10305	2774	2343	2930	2258	0	0	0	0	0
MN122201|AS201700121|turdus_merula|NL|2017-08-01	10305	2774	2345	2930	2256	0	0	0	0	0
MN122240|AS201800118|turdus_merula|NL|2018-08-16	10305	2775	2348	2929	2253	0	0	0	0	0
MN122214|AS201700254|turdus_merula|NL|2017-09-22	10305	2765	2343	2939	2258	0	0	0	0	0
MN122220|AS201800087|turdus_merula|NL|2018-08-01	10305	2772	2346	2931	2256	0	0	0	0	0
MN122245|AS201800125|turdus_merula|NL|2018-08-22	10305	2771	2345	2932	2257	0	0	0	0	0
MN122163|AS201600121|turdus_merula|NL|2016-09-22	10305	2775	2342	2928	2260	0	0	0	0	0
MN122233|AS201800102|turdus_merula|NL|2018-08-09	10305	2775	2345	2931	2254	0	0	0	0	0
MN122244|AS201800123|turdus_merula|NL|2018-08-21	10305	2774	2347	2932	2252	0	0	0	0	0
MN122246|AS201800126|turdus_merula|NL|2018-08-22	10305	2776	2347	2930	2252	0	0	0	0	0
MN122151|AS201600057|turdus_merula|NL|2016-09-08	10305	2771	2346	2932	2256	0	0	0	0	0
MN122169|AS201600173|turdus_merula|NL|2016-10-07	10305	2774	2344	2930	2257	0	0	0	0	0
MN122206|AS201700155|turdus_merula|NL|2017-08-10	10305	2770	2344	2933	2258	0	0	0	0	0
NA|AS20221842|turdus_merula|NL|2022-09-04	10305	2768	2342	2936	2259	0	0	0	0	0
NA|AS20221670|turdus_merula|NL|2022-07-24	10305	2773	2337	2932	2263	0	0	0	0	0
NA|AS20221760|turdus_merula|NL|2022-08-24	10305	2772	2339	2933	2261	0	0	0	0	0
NA|22B00207|turdus_merula|NL|2022-11-12	10305	2771	2340	2934	2260	0	0	0	0	0
NA|AS20221627|turdus_merula|NL|2022-07-28	10305	2771	2340	2934	2260	0	0	0	0	0
NA|AS20221838|turdus_merula|NL|2022-08-22	10305	2773	2336	2932	2264	0	0	0	0	0
NA|AS20221784|turdus_merula|NL|2022-08-11	10305	2775	2342	2930	2258	0	0	0	0	0
NA|AS20221775|turdus_merula|NL|2022-08-28	10305	2774	2338	2931	2262	0	0	0	0	0
NA|AS20221846|turdus_merula|NL|2022-09-03	10305	2774	2342	2931	2258	0	0	0	0	0
NA|AS20221755|strix_nebulosa|NL|2022-07-21	10305	2776	2339	2930	2260	0	0	0	0	0
NA|AS20221818|turdus_merula|NL|2022-08-31	10305	2773	2340	2932	2260	0	0	0	0	0
NA|AS20221803|turdus_merula|NL|2022-09-02	10305	2770	2337	2935	2263	0	0	0	0	0
NA|AS20221889|turdus_merula|NL|2022-09-18	10305	2773	2339	2932	2261	0	0	0	0	0
NA|AS20221860|turdus_merula|NL|2022-09-14	10305	2774	2340	2931	2260	0	0	0	0	0
NA|AS20221918|cyanistes_caeruleus|NL|2022-09-15	10305	2770	2339	2934	2262	0	0	0	0	0
NA|AS20221913|turdus_merula|NL|2022-09-11	10305	2771	2343	2933	2258	0	0	0	0	0
NA|AS20221884|turdus_merula|NL|2022-09-14	10305	2771	2343	2934	2257	0	0	0	0	0
NA|AS20221875|turdus_merula|NL|2022-09-11	10305	2771	2346	2933	2255	0	0	0	0	0
NA|AS20221942|turdus_merula|NL|2022-09-20	10305	2770	2339	2933	2263	0	0	0	0	0
NA|AS20221974|turdus_merula|NL|2022-09-20	10305	2773	2342	2930	2260	0	0	0	0	0
OM202464|Greater_London_2021|turdus_merula|UK|2021-09	10305	2771	2345	2933	2256	0	0	0	0	0
MW001216|NA|turdus_merula|UK|2020-07	10305	2774	2339	2930	2261	0	1	0	0	0
NA|AS20221923|turdus_merula|NL|2022-09-04	10305	2772	2341	2933	2259	0	0	0	0	0
NA|AS20190579|prunella_modularis|NL|2019-09-19	10305	2772	2345	2930	2258	0	0	0	0	0
NA|AS20200605|turdus_merula|NL|2020-08-22	10305	2772	2338	2932	2263	0	0	0	0	0
NA|AS20200689|turdus_merula|NL|2020-09-30	10305	2771	2338	2934	2262	0	0	0	0	0
NA|AS20210914|turdus_merula|NL|2021-08-30	10305	2772	2338	2933	2262	0	0	0	0	0
NA|22TV3658|turdus_merula|NL|2022-08-27	10305	2772	2342	2933	2258	0	0	0	0	0
KY426765|NA|turdus_merula|DE|2016-09-30	10305	2771	2344	2935	2255	0	0	0	0	0
NA|Blackbird_London_2022_b|turdus_merula|UK|2022-09	10305	2772	2343	2932	2258	0	0	0	0	0
NA|Blackbird_London_2022_a|turdus_merula|UK|2022-09	10305	2771	2345	2931	2258	0	0	0	0	0
NA|Blackbird_Cambridgeshire_2023_a|turdus_merula|UK|2023-08	10305	2771	2345	2933	2256	0	0	0	0	0
NA|AS20221898|turdus_merula|NL|2022-09-11	10305	2774	2345	2930	2256	0	0	0	0	0
NA|AS201700173|strix_nebulosa|NL|2017-08-25	10305	2777	2350	2927	2251	0	0	0	0	0
NA|AS20190450|turdus_merula|NL|2019-09-03	10305	2779	2345	2926	2255	0	0	0	0	0
NA|AS201600067|strix_nebulosa|NL|2016-09-09	10305	2775	2350	2930	2250	0	0	0	0	0
NA|AS201600269|strix_nebulosa|NL|2016-09-25	10305	2775	2347	2931	2252	0	0	0	0	0
NA|AS20190494|turdus_merula|NL|2019-08-28	10305	2776	2346	2929	2254	0	0	0	0	0
NA|19TV0102|passer_domesticus|NL|2019-04-24	10305	2777	2346	2928	2254	0	0	0	0	0
NA|18TV0252|turdus_merula|NL|2018-10-31	10305	2775	2347	2929	2254	0	0	0	0	0
NA|AS20190715|copsychus_malabaricus|NL|2019-10-07	10305	2779	2351	2926	2249	0	0	0	0	0
NA|AS20200561|turdus_merula|NL|2020-09-27	10305	2781	2355	2924	2245	0	0	0	0	0
KY426764|NA|turdus_merula|DE|2016-10-04	10305	2779	2347	2928	2251	0	0	0	0	0
NA|17TV1510|turdus_merula|NL|2018-10-06	10305	2743	2338	2898	2224	0	0	102	0	0
MN122251|AS201800151|turdus_merula|NL|2018-08-30	10305	2783	2353	2922	2247	0	0	0	0	0
MN122155|AS201600095|turdus_merula|NL|2016-09-21	10305	2776	2343	2929	2257	0	0	0	0	0
MN122194|AS201700090|turdus_merula|NL|2017-07-13	10305	2776	2346	2929	2254	0	0	0	0	0
MN122243|AS201800122|turdus_merula|NL|2018-08-21	10305	2774	2347	2931	2253	0	0	0	0	0
NA|AS201600289_BEC009|strix_nebulosa|NL|2016	10305	2773	2346	2932	2254	0	0	0	0	0
MN122234|AS201800103|turdus_merula|NL|2018-08-10	10305	2775	2347	2930	2253	0	0	0	0	0
MN122237|AS201800114|turdus_merula|NL|2018-08-15	10305	2772	2345	2933	2255	0	0	0	0	0
MN122218|AS201800084|turdus_merula|NL|2018-07-31	10305	2774	2349	2931	2251	0	0	0	0	0
MN122183|AS201600281|turdus_merula|NL|2016-09-25	10305	2778	2348	2926	2253	0	0	0	0	0
MN122204|AS201700130|turdus_merula|NL|2017-08-16	10305	2777	2346	2928	2254	0	0	0	0	0
MN122200|AS201700118|turdus_merula|NL|2017-08-03	10305	2774	2347	2931	2253	0	0	0	0	0
MN122208|AS201700170|turdus_merula|NL|2017-08-25	10305	2777	2351	2928	2249	0	0	0	0	0
MN122241|AS201800120|turdus_merula|NL|2018-08-17	10305	2776	2348	2929	2252	0	0	0	0	0
MN122202|AS201700124|turdus_merula|NL|2017-08-01	10305	2777	2350	2928	2250	0	0	0	0	0
MN122239|AS201800116|turdus_merula|NL|2018-08-16	10305	2779	2348	2925	2253	0	0	0	0	0
MN122199|AS201700112|turdus_merula|NL|2017-07-27	10305	2775	2348	2930	2252	0	0	0	0	0
MN122209|AS201700174|turdus_merula|NL|2017-08-29	10305	2776	2348	2929	2252	0	0	0	0	0
MN122242|AS201800121|turdus_merula|NL|2018-08-17	10305	2776	2348	2929	2252	0	0	0	0	0
MN122149|AS201600048|turdus_merula|NL|2016-09-07	10305	2779	2351	2926	2249	0	0	0	0	0
MN122193|AS201700087|turdus_merula|NL|2017-07-11	10305	2778	2350	2927	2250	0	0	0	0	0
MN122184|AS201600283|turdus_merula|NL|2016-09-27	10305	2778	2350	2927	2250	0	0	0	0	0
MN122161|AS201600115|turdus_merula|NL|2016-09-22	10305	2779	2346	2926	2254	0	0	0	0	0
MN122195|AS201700096|turdus_merula|NL|2017-07-14	10305	2780	2350	2924	2251	0	0	0	0	0
MN122228|AS201800095|turdus_merula|NL|2018-08-06	10305	2778	2347	2928	2252	0	0	0	0	0
MN122247|AS201800127|turdus_merula|NL|2018-08-22	10305	2779	2350	2926	2250	0	0	0	0	0
MN122221|AS201800088|turdus_merula|NL|2018-08-01	10305	2778	2351	2928	2248	0	0	0	0	0
MN122159|AS201600107|turdus_merula|NL|2016-09-22	10305	2777	2350	2928	2250	0	0	0	0	0
MN122255|AS201800156|turdus_merula|NL|2018-08-31	10305	2778	2353	2927	2247	0	0	0	0	0
MN122191|AS201700084|turdus_merula|NL|2017-07-05	10305	2780	2349	2926	2250	0	0	0	0	0
MN122168|AS201600148|turdus_merula|NL|2016-09-23	10305	2777	2350	2928	2250	0	0	0	0	0
NA|AS20221789|turdus_merula|NL|2022-08-24	10305	2781	2351	2926	2247	0	0	0	0	0
MN122160|AS201600110|turdus_merula|NL|2016-09-22	10305	2776	2349	2928	2252	0	0	0	0	0
MN122205|AS201700152|turdus_merula|NL|2017-07-19	10305	2776	2352	2929	2248	0	0	0	0	0
MN122226|AS201800093|turdus_merula|NL|2018-08-03	10305	2776	2352	2929	2248	0	0	0	0	0
MN122197|AS201700106|turdus_merula|NL|2017-07-25	10305	2775	2350	2930	2250	0	0	0	0	0
MN122222|AS201800089|turdus_merula|NL|2018-08-02	10305	2775	2350	2930	2250	0	0	0	0	0
MN122217|AS201800082|turdus_merula|NL|2018-07-27	10305	2777	2348	2929	2251	0	0	0	0	0
MN122256|AS201800157|turdus_merula|NL|2018-09-04	10305	2779	2346	2926	2254	0	0	0	0	0
MN122252|AS201800152|turdus_merula|NL|2018-08-30	10305	2779	2350	2926	2250	0	0	0	0	0
MN122253|AS201800154|turdus_merula|NL|2018-08-31	10305	2778	2347	2929	2251	0	0	0	0	0
MN122225|AS201800092|turdus_merula|NL|2018-08-02	10305	2779	2347	2927	2252	0	0	0	0	0
MN122157|AS201600101|turdus_merula|NL|2016-09-22	10305	2777	2354	2928	2246	0	0	0	0	0
MN122212|AS201700189|turdus_merula|NL|2017-09-14	10305	2778	2349	2926	2252	0	0	0	0	0
MN122178|AS201600265|turdus_merula|NL|2016-09-30	10305	2776	2355	2929	2245	0	0	0	0	0
MN122167|AS201600136|turdus_merula|NL|2016-09-23	10305	2776	2352	2929	2248	0	0	0	0	0
MN122210|AS201700177|turdus_merula|NL|2017-09-15	10305	2776	2350	2929	2250	0	0	0	0	0
MN122216|AS201800081|turdus_merula|NL|2018-07-27	10305	2774	2348	2930	2253	0	0	0	0	0
NA|AS20221828|turdus_merula|NL|2022-08-26	10305	2778	2348	2928	2251	0	0	0	0	0
MN122250|AS201800150|turdus_merula|NL|2018-08-30	10305	2778	2348	2929	2250	0	0	0	0	0
NA|AS20222401|turdus_merula|NL|2022-11-10	10305	2776	2348	2929	2252	0	0	0	0	0
MN122146|AS201600036|turdus_merula|NL|2016-09-06	10305	2775	2345	2929	2256	0	0	0	0	0
MN122248|AS201800128|turdus_merula|NL|2018-08-22	10305	2777	2345	2929	2254	0	0	0	0	0
MN122223|AS201800090|turdus_merula|NL|2018-08-02	10305	2775	2348	2930	2252	0	0	0	0	0
MN122147|AS201600042|turdus_merula|NL|2016-09-07	10305	2779	2351	2926	2249	0	0	0	0	0
KY128482|Snebulosa-6004/NL/2016|strix_nebulosa|NL|2016-09	10305	2779	2349	2926	2251	0	0	0	0	0
NA|AS20221851|turdus_merula|NL|2022-09-03	10305	2774	2354	2930	2247	0	0	0	0	0
NA|21TV5071|turdus_merula|NL|2022-07-29	10305	2778	2350	2924	2253	0	0	0	0	0
KY263625|NA|turdus_merula|BE|2016-10	10305	2774	2350	2931	2250	0	0	0	0	0
MK230891|Seraing/2017|turdus_merula|BE|2017-08	10305	2780	2350	2925	2250	0	0	0	0	0
KY426754|NA|turdus_merula|DE|2015-09-09	10305	2774	2352	2932	2247	0	0	0	0	0
NA|AS20221780|turdus_merula|NL|2022-08-26	10305	2771	2349	2932	2253	0	0	0	0	0
ON755215|Turdusmerula13_feather_3W1L_Day0|turdus_merula|NL|2016	10305	2772	2343	2923	2250	17	0	0	0	0
NA|AS20210829|turdus_merula|NL|2021-09-19	10305	2782	2346	2924	2253	0	0	0	0	0
NA|22TV2594|cyanistes_caeruleus|NL|2022-08-24	10305	2779	2349	2927	2250	0	0	0	0	0
NA|AS201700142|strix_nebulosa|NL|2017-08-09	10305	2775	2346	2929	2255	0	0	0	0	0
KY426757|NA|turdus_merula|DE|2016-09-23	10305	2775	2352	2929	2249	0	0	0	0	0
OU674388|NA|turdus_merula|LU|2020-09	10305	2777	2360	2928	2239	0	1	0	0	0
NA|AS20200367|turdus_merula|NL|2020-08-16	10305	2770	2344	2932	2259	0	0	0	0	0
NA|18TV1221|turdus_merula|NL|2018-10-13	10305	2753	2322	2908	2229	93	0	0	0	0
OP921077|16TV1039_Ixodesfrontalis|ixodes_frontalis|NL|2016-10-07	10305	2664	2272	2821	2168	380	0	0	0	0
NA|AS20221880|turdus_merula|NL|2022-09-12	10305	2738	2332	2903	2230	102	0	0	0	0
NA|AS20221994|passer_domesticus|NL|2022-09-19	10305	2710	2289	2876	2207	223	0	0	0	0
PQ633267|USUV/NL/2022/SCBC7P30|NA|NL|2022-11-18	10305	2698	2284	2849	2194	280	0	0	0	0
NA|AS20221637|turdus_merula|NL|2022-08-04	10305	2700	2280	2850	2197	278	0	0	0	0
MN122207|AS201700167|turdus_merula|NL|2017-09-01	10305	2697	2286	2849	2195	278	0	0	0	0
NA|AS20221952|streptopelia_decaocto|NL|2022-09-27	10305	2695	2282	2855	2198	275	0	0	0	0
NA|AS20221660|turdus_merula|NL|2022-08-08	10305	2706	2281	2843	2197	278	0	0	0	0
ON755209|Turdusmerula14_feather_WLC_Day43|turdus_merula|NL|2016	10305	2722	2319	2904	2234	126	0	0	0	0
ON755217|Turdusmerula15_feather_WLC_Day0|turdus_merula|NL|2016	10305	2731	2317	2897	2234	126	0	0	0	0
ON755210|Turdusmerula17_feather_WLC_Day43|turdus_merula|NL|2016	10305	2733	2324	2896	2226	126	0	0	0	0
ON755211|Turdusmerula19_feather_WLC_Day43|turdus_merula|NL|2016	10305	2733	2326	2895	2225	126	0	0	0	0
ON755221|Turdusmerula20_feather_WLC_Day0|turdus_merula|NL|2016	10305	2742	2328	2887	2222	126	0	0	0	0
OP007489|WBVR_bird-X-2016|strix_nebulosa|NL|2016-09-09	10305	2740	2304	2873	2214	57	1	116	0	0
NA|22B00749|turdidae_sp|NL|2022-09-21	10305	2694	2269	2842	2178	322	0	0	0	0
NA|AS20221928|turdus_merula|NL|2022-09-25	10305	2716	2268	2864	2189	268	0	0	0	0
OP921078|18TV0973_Turdusphilomelos|turdidae_sp|NL|2018-08-18	10305	2650	2245	2794	2143	472	1	0	0	0
OP921081|16TV1131_Ixodesricinus_6|ixodes_ricinus|NL|2016-10-16	10305	2690	2283	2861	2186	284	1	0	0	0
ON755219|Turdusmerula18_feather_WLC_Day0|turdus_merula|NL|2016	10305	2637	2251	2835	2172	410	0	0	0	0
NA|18TV1196|turdidae_sp|NL|2018-09-16	10305	2678	2286	2853	2174	314	0	0	0	0
ON813235|ITA2021_300240|turdus_merula|IT|2021	10305	2781	2352	2916	2244	0	0	12	0	0
KU573074|245735-8/2013|culex_pipiens|IT|2013	10305	2775	2354	2918	2240	0	0	18	0	0
OR757496|1740423|NA|IT|2023-07-15	10305	2772	2348	2910	2237	0	0	38	0	0
ON813229|SN2005_ArD_173133|culex_neavei|SN|2005	10305	2780	2332	2902	2245	0	11	35	0	0
KX816646|200092/2010|turdus_merula|IT|2010-08	10305	2761	2340	2883	2217	0	2	102	0	0
PV541149|7096_2024|homo_sapiens|HU|2024-08-07	10305	2765	2341	2911	2242	0	1	45	0	0
PV523802|9731|homo_sapiens|HU|2024-10-12	10305	2765	2340	2908	2247	0	0	45	0	0
PV501209|373|culex_sp|HU|2024-08-16	10305	2763	2345	2913	2239	0	0	45	0	0
PV501208|296|culex_sp|HU|2024-08-02	10305	2767	2340	2907	2237	0	9	45	0	0
PV501211|412|culex_sp|HU|2024-08-07	10305	2765	2337	2911	2243	0	4	45	0	0
PV501210|406|culex_sp|HU|2024-08-24	10305	2771	2348	2906	2235	0	0	45	0	0
PV501212|416|culex_sp|HU|2024-07-31	10305	2772	2342	2904	2242	0	0	45	0	0
PV235993|USUV/NL/2019/CMV442|culex_sp|NL|2019-08-22	10305	2621	2233	2781	2154	0	4	512	0	0
PV235995|USUV/NL/2022/CMV3308|culex_sp|NL|2022-07-13	10305	2753	2327	2922	2258	0	0	45	0	0
PV235996|USUV/NL/2022/CMV3394|culex_sp|NL|2022-07-26	10305	2753	2336	2919	2248	4	0	45	0	0
PV235994|USUV/NL/2021/CMV2045|culex_sp|NL|2021-07-26	10305	2757	2336	2919	2248	0	0	45	0	0
PV207916|WNV0001|homo_sapiens|ES|2024-09-09	10305	2759	2334	2916	2251	0	0	45	0	0
OR921101|2023TE1838411|culex_pipiens|IT|2023-09-08	10305	2763	2347	2904	2230	1	0	60	0	0
OR921106|2023TE1699411|culex_pipiens|IT|2023-08-24	10305	2763	2346	2899	2226	14	0	57	0	0
OR921099|2023TE1908111|turdus_merula|IT|2023-09-15	10305	2766	2329	2900	2239	0	1	70	0	0
OP734249|NA|culex_pipiens|IT|2022-08-01	10305	2757	2333	2896	2226	93	0	0	0	0
OP734258|NA|culex_pipiens|IT|2022-07-27	10305	2713	2276	2811	2173	240	0	92	0	0
OR921105|2023TE1839111|phoenicurus_phoenicurus|IT|2023-09-08	10305	2752	2326	2870	2213	0	1	143	0	0
PP104384|TE2518112|culex_pipiens|IT|2023-09-22	10305	2694	2270	2807	2169	158	0	207	0	0
OP734257|NA|culex_pipiens|IT|2022-07-22	10305	2729	2294	2852	2204	0	0	226	0	0
OR921093|2023TE1639111|culex_pipiens|IT|2023-08-11	10305	2720	2288	2845	2191	34	1	226	0	0
OP734259|NA|culex_pipiens|IT|2022-07-25	10305	2725	2288	2851	2205	0	0	236	0	0
ON813225|SN2013_260237|culex_neavei|SN|2013	10305	2733	2292	2837	2182	0	23	238	0	0
OP734248|NA|culex_pipiens|IT|2022-07-29	10305	2720	2289	2853	2200	0	1	242	0	0
OP734255|NA|culex_pipiens|IT|2022-07-27	10305	2724	2291	2848	2198	2	0	242	0	0
ON813220|SN2016_286066|culex_neavei|SN|2016	10305	2653	2240	2778	2162	217	16	239	0	0
ON813224|SN2016_286099|culex_poicilipes|SN|2016	10305	2684	2249	2795	2150	176	9	242	0	0
OP734245|NA|culex_pipiens|IT|2022-07-01	10305	2721	2287	2849	2195	0	7	246	0	0
PP104386|TE2518312|culex_pipiens|IT|2023-09-08	10305	2726	2287	2848	2199	0	0	245	0	0
OR757488|1572124|culex_pipiens|IT|2023-07-06	10305	2722	2300	2849	2188	0	0	246	0	0
ON813223|SN2016_286125|culex_neavei|SN|2016	10305	2653	2246	2781	2161	212	6	246	0	0
OR757489|1572126|culex_pipiens|IT|2023-07-07	10305	2720	2291	2852	2195	0	0	247	0	0
OR757491|17404212|laridae_sp|IT|2023-07-20	10305	2717	2289	2852	2200	0	0	247	0	0
OR921095|2023TE1639211|culex_pipiens|IT|2023-08-11	10305	2719	2289	2849	2200	0	1	247	0	0
PP104385|TE2518212|culex_pipiens|IT|2023-09-22	10305	2721	2299	2848	2190	0	0	247	0	0
ON813222|SN2016_288158|culex_neavei|SN|2016	10305	2722	2293	2845	2191	0	7	247	0	0
ON813221|SN2016_288129|culex_neavei|SN|2016	10305	2727	2293	2845	2188	0	5	247	0	0
OP734261|NA|culex_pipiens|IT|2022-07-08	10305	2668	2239	2795	2154	201	1	247	0	0
OR921096|2023TE1822511|turdus_merula|IT|2023-09-07	10305	2697	2288	2846	2182	31	3	258	0	0
OR921104|2023TE1838911|culex_pipiens|IT|2023-09-08	10305	2695	2275	2823	2173	80	1	258	0	0
ON813236|305920/2021|culex_pipiens|IT|2021	10305	2646	2234	2779	2132	255	2	257	0	0
OR921094|2023TE1640011|culex_pipiens|IT|2023-08-11	10305	2719	2290	2841	2194	1	0	260	0	0
