Lineage Annotation	Parent Lineage	Number of Descendents	Signature Mutations
Root	None	477	
A	Root	272	A186G,C359T,A753G,C876T,C942T,T1035C,C2082T,G2193A,C2439T,G2682A,G3126A,T3298C,T3582C,C3660T,T3684C,T3879A,T3972C,G4221A,C4419T,C4479T,C4941T,C5059T,C5160T,C5268T,C5415T,C5433T,T5595C,C5787T,G6084A,A6327G,A6423G,G6522A,G6861A,G6885A,C7128T,T7158C,G7362A,C7797T,T8019C,C8091T,T8277C,G8407A,C9003T,G9120A,G9177A,G9285A,T9288C,C9456T,T9892C,C9942T,T10056C,G10197A,A10203T,G10236A,C2436T,C3438T,C4429T,C5289T,T6489C,G7635A,A8685G,T636C,T984C,G1255A,T1473C,T1875C,C1990T,A2118G,G2286A,G3396A,T3412C,G4068A,C4600T,C4812T,T4911C,T5083C,T5811C,T6121C,A6300G,T6525C,T8499C,T9162C,T10065C,G10280A,C1317T,C6000T,T6060C,T8859C,A9189G,A90G,T138C,C360T,G798C,A849T,C952T,T1098C,G1158A,A1176G,G1209A,T1335C,A1611G,C1635T,T1650C,C1902T,T1926C,C1956T,C2013T,C2046T,T2136C,G2229A,C2241T,C2634T,C2689T,C2730T,T2787C,C2808T,A3021G,T3084C,T3186C,G3420A,T3429C,C3804T,C3900T,A3906G,G4071A,C4351T,C4719T,A4770G,A4869G,G5013C,T5082G,T5214C,T5239C,A5367G,T5679C,T5754C,A5889G,A6117G,T6316G,C6318T,T6495C,C6544T,T6615C,A6813C,T6903C,A6972G,G7137A,T7326C,T7386C,G7620A,T7638C,G7649A,A8172G,C8517T,T8613C,G9135A,C9162T,C9168T,T9228C,C9288T,C9453T,A9567G,T9657C,T9738C,T9783C
B	Root	164	C588T,T894C,C1338T,C1571T,A2139G,C3810T,T3895C,G5385A,C5514T,C8067T,A9294G,A9474G,T285C,G313A,G334T,C342T,T432C,T519C,A543G,G681A,T708C,T729C,T780C,C852T,A1034G,C1036T,G1141A,C1149T,T1227C,A1414G,A1479G,T1536C,T1592C,G1602A,C1713A,C1791T,T1909A,T1944C,G1962A,C1977T,T2046C,T2109C,A2148G,G2151A,T2184C,A2202G,C2352T,A2496G,C2604T,G2691A,T2844C,C2874T,A2898G,T3225C,T3279C,T3759C,T3804G,C3834T,C3860T,A3964G,C4001T,C4027T,C4128T,A4347G,T4380C,A4434G,T4467G,C4515T,C4530T,A4539G,C4645T,C4662T,C4734T,C4767T,A4804G,C4941T,C5001T,T5187C,T5265C,G5640A,T5871C,G6078A,G6138A,A6175G,A6252G,A6267G,A6372T,C6414T,C6513T,T6600C,C6645T,T6646C,C6705T,G6753A,C6775T,C6790T,A6831G,C6903T,T6985C,A7020T,C7194T,G7200A,C7306T,C7320T,G7380T,C7386T,T7398C,T7539C,G7617A,G7629A,C7701T,T7962C,T7986C,C8010T,G8052A,T8157C,T8265C,A8301G,A8340G,T8358C,C8385T,G8407T,T8493C,T8520C,C8727T,T8730C,G8736A,G8793A,C9012T,A9179G,A9225G,C9237T,C9444T,C9657T,C9922T,T10281C,G10287A,G1377A,G3060A,C6249T,C7947T,C8289T,A90G,T138C,C360T,G798C,A849T,C952T,T1098C,G1158A,A1176G,G1209A,T1335C,A1611G,C1635T,T1650C,C1902T,T1926C,C1956T,C2013T,C2046T,T2136C,G2229A,C2241T,C2634T,C2689T,C2730T,T2787C,C2808T,A3021G,T3084C,T3186C,G3420A,T3429C,C3804T,C3900T,A3906G,G4071A,C4351T,C4719T,A4770G,A4869G,G5013C,T5082G,T5214C,T5239C,A5367G,T5679C,T5754C,A5889G,A6117G,T6316G,C6318T,T6495C,C6544T,T6615C,A6813C,T6903C,A6972G,G7137A,T7326C,T7386C,G7620A,T7638C,G7649A,A8172G,C8517T,T8613C,G9135A,C9162T,C9168T,T9228C,C9288T,C9453T,A9567G,T9657C,T9738C,T9783C
C	Root	8	A2268G,C5931T,G6648A,T7233C,T285C,G313A,G334T,C342T,T432C,T519C,A543G,G681A,T708C,T729C,T780C,C852T,A1034G,C1036T,G1141A,C1149T,T1227C,A1414G,A1479G,T1536C,T1592C,G1602A,C1713A,C1791T,T1909A,T1944C,G1962A,C1977T,T2046C,T2109C,A2148G,G2151A,T2184C,A2202G,C2352T,A2496G,C2604T,G2691A,T2844C,C2874T,A2898G,T3225C,T3279C,T3759C,T3804G,C3834T,C3860T,A3964G,C4001T,C4027T,C4128T,A4347G,T4380C,A4434G,T4467G,C4515T,C4530T,A4539G,C4645T,C4662T,C4734T,C4767T,A4804G,C4941T,C5001T,T5187C,T5265C,G5640A,T5871C,G6078A,G6138A,A6175G,A6252G,A6267G,A6372T,C6414T,C6513T,T6600C,C6645T,T6646C,C6705T,G6753A,C6775T,C6790T,A6831G,C6903T,T6985C,A7020T,C7194T,G7200A,C7306T,C7320T,G7380T,C7386T,T7398C,T7539C,G7617A,G7629A,C7701T,T7962C,T7986C,C8010T,G8052A,T8157C,T8265C,A8301G,A8340G,T8358C,C8385T,G8407T,T8493C,T8520C,C8727T,T8730C,G8736A,G8793A,C9012T,A9179G,A9225G,C9237T,C9444T,C9657T,C9922T,T10281C,G10287A,G1377A,G3060A,C6249T,C7947T,C8289T,A90G,T138C,C360T,G798C,A849T,C952T,T1098C,G1158A,A1176G,G1209A,T1335C,A1611G,C1635T,T1650C,C1902T,T1926C,C1956T,C2013T,C2046T,T2136C,G2229A,C2241T,C2634T,C2689T,C2730T,T2787C,C2808T,A3021G,T3084C,T3186C,G3420A,T3429C,C3804T,C3900T,A3906G,G4071A,C4351T,C4719T,A4770G,A4869G,G5013C,T5082G,T5214C,T5239C,A5367G,T5679C,T5754C,A5889G,A6117G,T6316G,C6318T,T6495C,C6544T,T6615C,A6813C,T6903C,A6972G,G7137A,T7326C,T7386C,G7620A,T7638C,G7649A,A8172G,C8517T,T8613C,G9135A,C9162T,C9168T,T9228C,C9288T,C9453T,A9567G,T9657C,T9738C,T9783C
D	Root	7	C3969T,A72G,C252T,C342T,T441C,T603C,T648C,G678A,A789G,T861C,C990T,T1008C,T1164C,C1167T,G1368A,T1515C,C1545T,C1605T,G1705A,A1743T,T1833A,G1837A,T1935C,G2043A,C2128T,C2145T,T2232A,C2250T,C2284T,A2369G,A2490G,C2514T,G2691A,T2775C,A2823G,A2898G,T2907C,T2940C,C2994T,C3015T,G3126A,G3350A,C3423T,T3474C,A3799G,T3802C,C3951T,T4065C,A4143G,C4164T,T4270C,T4380C,G4554A,C4683T,G4863T,T5163C,G5211A,T5604C,T5812C,T5907G,G6084T,T6270C,A6300G,G6408A,T6435C,C6594T,T6688C,A6868G,G6945A,C6957T,C7017T,T7158C,T7176C,C7251T,T7278C,T7404C,G7575A,G7629A,C7647T,T7656C,G7866A,C7887T,C8253T,T8424C,A8448G,A8545G,C8568T,C8586T,C8601T,C8682T,G8709A,A8835G,T9723C,A9837G,C9855T,C9867T,T9879C,G10083A,C10218A,T612C,T756C,G1263A,C1461T,C1509T,C1791T,C1848T,C1890T,C2556T,C2793T,T2814C,T2859C,T3690C,G4080A,A4119G,A4260G,G4431A,G4497A,G4602A,G4725A,C4851T,A4852G,C5382T,C5409T,G5460A,G5553A,C5598T,G5640A,T6465C,T6489C,C6687T,T6723C,T6952C,T7281C,C7306T,G7626A,T8388C,T9153G,A9198G,A9249G,C9496T,G9789A,T9981G,C10239T,T10245C,G10287A
E	Root	12	T783C,A855G,T894C,T952C,T1740C,C1765T,T1872C,A1887G,C2142T,C2238T,C2278T,G2346A,C2559T,T2598C,C2607T,A2658G,A2672G,C2761T,G3168A,T3366C,G3381A,T3720G,C3750T,A3768G,T3840C,T3894C,G3909A,T3945C,G4185A,C4548T,T4599C,A4698G,C5031T,C5089T,G5385A,G5652A,C5769T,C6063T,G6552A,T6618C,A7002G,T7057C,T7503C,T7530C,G7617A,A7620G,G7698T,G7728A,T8040C,G8415A,T8880C,C9204T,G9321A,T9483A,C9672T,G9768A,C9954T,T10005A,A10263G,C1317T,C6000T,T6060C,T8859C,A9189G,A90G,T138C,C360T,G798C,A849T,C952T,T1098C,G1158A,A1176G,G1209A,T1335C,A1611G,C1635T,T1650C,C1902T,T1926C,C1956T,C2013T,C2046T,T2136C,G2229A,C2241T,C2634T,C2689T,C2730T,T2787C,C2808T,A3021G,T3084C,T3186C,G3420A,T3429C,C3804T,C3900T,A3906G,G4071A,C4351T,C4719T,A4770G,A4869G,G5013C,T5082G,T5214C,T5239C,A5367G,T5679C,T5754C,A5889G,A6117G,T6316G,C6318T,T6495C,C6544T,T6615C,A6813C,T6903C,A6972G,G7137A,T7326C,T7386C,G7620A,T7638C,G7649A,A8172G,C8517T,T8613C,G9135A,C9162T,C9168T,T9228C,C9288T,C9453T,A9567G,T9657C,T9738C,T9783C
F	Root	5	A90G,T112C,C249T,C1407T,G1687A,G1905A,C2013T,C2142T,C2316T,A2700G,G3174A,C4927T,G5073A,G5076A,T5163C,A5166G,A5181G,T5508C,T5812C,G6025A,C6315T,T6441C,A6765T,C6849T,A7764G,C8127T,C8901T,C9058T,G9255A,T9387C,C9519T,G9531A,T9738C,T9783C,G10170A,T10254C,A10257G,T246A,A302G,G334C,A381G,C396T,C423T,C458T,A515G,C738T,C852T,T858C,T960C,A1026G,A1107G,C1230T,T1314C,C1320T,T1566C,A1596G,C1782T,G1783A,A2073G,T2088A,T2109C,A2118G,G2151T,T2187C,G2193A,T2301C,G2346A,T2391C,A2406G,T2481C,G2502A,T2548C,C2616T,C2742T,C2799T,C2835T,C2899T,T2910C,C2976T,A3093G,T3123C,G3199A,T3282C,C3315T,C3318T,C3348T,T3412C,A3528G,C3680T,C3681T,G3706A,C3792T,C3808T,A3837G,C3873T,C3907T,G3999A,C4062T,G4185A,T4323C,C4339T,A4378G,A4449G,T4470C,C4515T,C4545A,A4620G,T4680C,G4752A,T4794C,C4836T,C4891T,A4934G,C5049T,C5148T,C5173T,C5256T,C5301T,T5370C,G5385A,C5472T,T5532C,A5586C,A5775G,G5799A,T5874C,G5941A,A5967G,G6120A,A6213C,A6223G,T6228C,A6273G,T6298C,T6351C,A6531G,C6604T,T6618C,C6631T,C6700T,G6702A,G6735A,G6750A,G6795A,C6902A,T7032A,T7056G,A7064C,C7178T,T7269C,T7525C,G7605A,T7656A,A7710G,T7716C,A7749G,C7764A,A7938G,G8001A,A8031G,A8085C,C8412T,A8514G,C8604T,G8637A,T8640C,T8655C,A8664G,C8673T,G8705A,T8790C,C8920T,C9021T,T9072C,G9156A,T9375C,C9444T,G9564A,C9573T,T9597C,T9792C,T9892C,C9895T,C9954T,G9964A,T9966C,G9981A,T612C,T756C,G1263A,C1461T,C1509T,C1791T,C1848T,C1890T,C2556T,C2793T,T2814C,T2859C,T3690C,G4080A,A4119G,A4260G,G4431A,G4497A,G4602A,G4725A,C4851T,A4852G,C5382T,C5409T,G5460A,G5553A,C5598T,G5640A,T6465C,T6489C,C6687T,T6723C,T6952C,T7281C,C7306T,G7626A,T8388C,T9153G,A9198G,A9249G,C9496T,G9789A,T9981G,C10239T,T10245C,G10287A
A.0	A	144	T7525C,C8478T,T432C,C492T,A1524G,G1783A,T2019C,G5250A,C5754T,C6759T,G8394A,T8790C,A10275T,A564G,T861C,A1455G,C1503T,A1599G,A2489G,A2661G,C2850T,C2916T,C3198T,T3971C,A4804G,T5160C,C5661T,G5799A,C6906T,A6911G,A7710G,G7935A,T8475C,T8814C,A9177G,C9543T,C10065T,T10300C,C8565T,C9057T
A.1	A	94	T5862C,C7071T,A32G,A855G,C2025T,T4251C,C4645T,C5055T,C5589T,T6201C,C6549T,C6870T,G7089T,A7334G,G7335A,T8091C,G8649A,T9141C,T9168C,T9453C,T858C,G3655A,C3707T,C4200T,G6963A,C7074T,C7179T,A7305G,G7371A,T7656C,T8770C,C9573T
A.2	A	20	T441C,A542G,C1230T,T2481C,C3565T,T3795C,G4869A,C7041T,T7099C,T7917C,T8358C,C8499T,C10088T,A564G,T861C,A1455G,C1503T,A1599G,A2489G,A2661G,C2850T,C2916T,C3198T,T3971C,A4804G,T5160C,C5661T,G5799A,C6906T,A6911G,A7710G,G7935A,T8475C,T8814C,A9177G,C9543T,C10065T,T10300C,C8565T,C9057T
A.3	A	4	T5355C,A32G,A855G,C2025T,T4251C,C4645T,C5055T,C5589T,T6201C,C6549T,C6870T,G7089T,A7334G,G7335A,T8091C,G8649A,T9141C,T9168C,T9453C,T858C,G3655A,C3707T,C4200T,G6963A,C7074T,C7179T,A7305G,G7371A,T7656C,T8770C,C9573T
A.4	A	4	C692T,A2367G,A2631G,A2658G,C3015A,G3184A,G4281A,T4377C,A4804G,C6121T,C6426T,T7566C,T8814C,C9861T,C9954T,C9999T,T858C,G3655A,C3707T,C4200T,G6963A,C7074T,C7179T,A7305G,G7371A,T7656C,T8770C,C9573T
B.0	B	62	C1512T,A4677G,G1224T,T6441C,A2406G,A5316G,C5232T,A7218G,A555G,T1566C,C2527T,C3204T,C4683T,C5451T,A7620G
B.1	B	25	C374T,A3001G,T5898C,C1500T,G4863A,C3930T,C6483T,T2666C,G3103A,A4259G,T7467C,A7902G,T8016C,C8853T,T9099C
B.2	B	10	T2859C,C3705T,T4899C,A9164G,A2493G,G6552A,G8769A,T5163C,C1500T,G4863A,C3930T,C6483T,T2666C,G3103A,A4259G,T7467C,A7902G,T8016C,C8853T,T9099C
B.3	B	7	C2607T,C4224T,C10239T,C3318T,C8007T,A6177G,C3930T,C6483T,T2666C,G3103A,A4259G,T7467C,A7902G,T8016C,C8853T,T9099C
B.4	B	5	C2469T,A2679T,G1224T,T6441C,A2406G,A5316G,C5232T,A7218G,A555G,T1566C,C2527T,C3204T,C4683T,C5451T,A7620G
B.5	B	4	G8772A,C7185T,C8463A,T6441C,A2406G,A5316G,C5232T,A7218G,A555G,T1566C,C2527T,C3204T,C4683T,C5451T,A7620G
B.6	B	5	G2139A,G4113A,C4927T,A5575G,C8130T,G8913A,C5232T,A7218G,A555G,T1566C,C2527T,C3204T,C4683T,C5451T,A7620G
B.7	B	4	G7576A,A6633G,T8967C,C3645T,G6256A,C3930T,C6483T,T2666C,G3103A,A4259G,T7467C,A7902G,T8016C,C8853T,T9099C
B.8	B	4	A316G,C356T,C1461T,T4412C,C5661T,C7458T,C3645T,G6256A,C3930T,C6483T,T2666C,G3103A,A4259G,T7467C,A7902G,T8016C,C8853T,T9099C
C.0	C	4	A264G,A461G,T784A,A2307G,A5826G,C6451T,C7962T,G8721A,T441C,T3216C,T5298C,G5757T,C6570T,C9042T,A6837G
E.0	E	4	A348G,T585C,A591G,G639A,T750C,C783T,C837T,C1354T,C1503T,A2139G,C2181T,G2262A,T2376C,T2416C,C2469T,A2665G,G2685A,C2906T,C2952T,G3258A,C3270T,T3372C,C3505T,T3606C,G3637T,C3834T,G3867A,A4026G,C4042T,T4212C,T4380C,C4383T,A4449G,C4608T,C4800T,A4859G,C5415A,T5523G,T5547C,A5654G,A6246G,C6549T,G6771A,C7080T,T7120C,A7146G,T7158C,G7374T,A7572G,C7644T,G7653A,A7728G,A8196G,T8655C,G8736A,C8916T,C9058T,G9285A,C9363T,A9501G,T9507C,C9610T,T9618C,G9777A,C10110T,C10239T,T579C,C1425T,C1500T,C1848A,T2778C,C5451T,A6132G,A6744G,C7797T,G8772A,T9741C,A330G,C537T,G681A,T693C,C811T,C1119T,C1518T,C1545T,T3282C,G3735A,C4177T,G4218A,T4251C,G5229C,C5661T,T5934C,C6153T,T6360C,T8043C,C1539T,C2106T,C6892T,T8814C
F.0	F	4	T1584C,C2128T,G2692A,T4339C,G5262A,C5268T,C5487T,C6333T,A6399G,C6486T,G7140A,T7158C,A7177G,A7218G,C8568T,T9021C,T9369C,C9543T,A10018G
A.0.0	A.0	30	T784C,G1983A,C7440A,A7649G,A1200G,T3818C,C3834T,T5868G,T6201C,A6954G,C9645T,C10075T,C597T,A7559G,T8028C,T2082C
A.0.1	A.0	16	A1359G,G336A,T876C,C1953T,T4992C,T5532A,C7317T,T8017C,C9063T,T9834C,C10194T,C10300T,C2316T,T1698G,C2751T,G4230T,T4467C,C7389T,A9090G,C252T,C2064T,T3294C,C4645T,G6231A,T6543C,C8397T,C8508T,C8881A,G10038A,T3099C,A7473G,A7839G,C9201T,C597T,A7559G,T8028C,T2082C
A.0.2	A.0	15	T3282C,A4884T,C8571A,C9063T,T5787C,T6129G,A8407G,C8604T,T8742A,T9960C,T4213C,G4797A,G3757A,C3882T,T7290C,T7296C,C597T,A7559G,T8028C,T2082C
A.0.3	A.0	11	C688T,T2943C,A4381G,T7896C,A8376T,T8406C,T9387C,C2259T,T2544C,A2847G,C4317A,C4548T,C5089T,T8655C,C10056T,G1972A,A3816T,G6762A,C6912T,T7530C,T8868C,T9798C,T756C,C945T,T3436C,T7120C,A7635G,A1200G,T3818C,C3834T,T5868G,T6201C,A6954G,C9645T,C10075T,C597T,A7559G,T8028C,T2082C
A.0.4	A.0	11	C1569T,T2689C,C8805T,C8943T,C219T,C1191T,C4645T,A6015G,T6465C,G3757A,C3882T,T7290C,T7296C,C597T,A7559G,T8028C,T2082C
A.0.5	A.0	4	T109C,C252T,C712T,A855G,C1173T,C1245T,G2577A,A2888G,T3484A,C3582T,C3972T,C4645T,C4932T,C6660T,G6894A,C597T,A7559G,T8028C,T2082C
A.1.0	A.1	7	C819T,C1095T,A1107G,C4590T,C5154T,T6516C,C6669T,T729C,C1392T,T3057C,C3801T,T4212C,T4812C,C6121T,C9903T,T1317C,C2070T,T3456C,T5550C,T8424C,T10092A,T3282C,C6570T,T3858C,T4680C,G6798A,A7341G,C7552T,A7584G
A.1.1	A.1	6	C1260A,T4197C,G5757A,C8430T,C5595T,C7552T,C9537T,T9597C,T4377C,T7503C,A254G,C331T,T603C,T4065A,C9288A,T9960C
A.1.2	A.1	6	T1203C,C6903T,C7701T,C8130T,C4177T,G5175A,A7649G,A9177G,T7503C,A254G,C331T,T603C,T4065A,C9288A,T9960C
A.1.3	A.1	5	C4098T,G8073T,T9523C,C5595T,C7552T,C9537T,T9597C,T4377C,T7503C,A254G,C331T,T603C,T4065A,C9288A,T9960C
A.2.0	A.2	6	C1923T,C5088T,C2643T,T7986C,T9399C,A1680T,C2751T,T2880C,C6153T,T6207C,G9150A,C1167T,C1488T,A4047G,T9648C,G1992A
B.0.0	B.0	11	A1715G,C425T,C3654T,C1053T,C2278T,C7323A,T6893C,A1680G,C2772T,G2841A,G258A,C1545T,C4177T,C5805T,C7080T,T8017C
B.0.1	B.0	4	G3852A,T4680C,C1053T,C2278T,C7323A,T6893C,A1680G,C2772T,G2841A,G258A,C1545T,C4177T,C5805T,C7080T,T8017C
